{"cameraMode":{"drawMode":0,"name":"Shaded","section":"Shading Mode"},"sceneLighting":true,"audioPlay":false,"sceneViewState":{"m_AlwaysRefresh":false,"showFog":true,"showSkybox":true,"showFlares":true,"showImageEffects":true,"showParticleSystems":true,"showVisualEffectGraphs":true,"m_FxEnabled":true},"in2DMode":false,"pivot":{"x":2.4914820194244386,"y":0.5700730085372925,"z":0.2225014567375183},"rotation":{"x":-0.25260496139526369,"y":0.3263264298439026,"z":-0.09094416350126267,"w":-0.9063395261764526},"size":0.8681363463401794,"orthographic":false}