{"cameraMode":{"drawMode":0,"name":"Shaded","section":"Shading Mode"},"sceneLighting":true,"audioPlay":false,"sceneViewState":{"m_AlwaysRefresh":false,"showFog":true,"showSkybox":true,"showFlares":true,"showImageEffects":true,"showParticleSystems":true,"showVisualEffectGraphs":true,"m_FxEnabled":true},"in2DMode":false,"pivot":{"x":1.2034502029418946,"y":0.8633041381835938,"z":0.22751784324645997},"rotation":{"x":-0.18476267158985139,"y":0.6467980742454529,"z":-0.16571244597434998,"w":-0.721153199672699},"size":2.803924798965454,"orthographic":false}